Workbook

Sheet Show Summary
A1: PROJECT TITLE
E3: TOTAL SEQUENCES | F3: 2
E4: TOTAL SEQ COST
E5: AVG. SEQ COST
E6: TRADITIONAL VFX | G6: HYBRID AI/VFX
C7: Studio Estimate | D7: Items | E7: Cost | F7: Average Cost | G7: Cost | H7: Average Cost
C8: VFX Shots | D8: 154 | E8: ='Shot Breakdown'!P2 | F8: =E8/D8 | G8: ='Shot Breakdown'!S2 | H8: =G8/D8
C9: VFX Allowance | D9: 215 | E9: ='Shot Breakdown'!P3 | F9: =E9/D9 | G9: ='Shot Breakdown'!S3 | H9: =G9/D9
C10: VFX Assets | D10: 37 | E10: =Assets!H2 | F10: =E10/D10 | G10: =Assets!H2 | H10: =G10/D10
C11: VFX Production Overhead
C12: Gross Total | E12: =SUM(E8:E11) | G12: =SUM(G8:G11)
C13: Vendor Rebate | D13: 0 | E13: =D13*SUM(E8:E10) | G13: =F13*SUM(G8:G10)
C14: Net Total | E14: =E12-E13 | G14: =G12-G13
A16: Assumptions
A17: Allowance added for 15 dry ice enhancements in and around revival chamber

Sheet Sequence Breakdown
A1: PROJECT TITLE
A2: SEQUENCE BREAKDOWN
A3: Total Sequences | B3: Total Pages | C3: Total Shots | D3: Total Cost | E3: Total Avg. Shot Cost
A4: 2 | B4: 102 | C4: 369
A5: Sequence Name | B5: Page Count | C5: Number of Shots | D5: Sequence Cost | E5: Avg. Shot Cost
B6: 102 | C6: 154
A7: ALLOWANCE | C7: 215

Sheet Shot Breakdown
A1: PROJECT TITLE | N1: Shots | O1: Average Shot Cost | P1: Total Shot Cost | R1: Average Shot Cost (Hyrbid AI Approach) | S1: Total Shot Cost (Hybrid AI Approach)
A2: SHOTS BREAKDOWN | K2: 1 | M2: VFX Shots | N2: =SUM(N6:N1742) | O2: =AVERAGE(O6:O1742) | P2: =SUM(P6:P1742) | R2: =AVERAGE(R6:R1742) | S2: =SUM(S6:S1742)
M3: VFX Allowance | N3: 215 | O3: =AVERAGE(O1743:O1748) | P3: =SUM(P1743:P1748) | R3: =AVERAGE(R1743:R1748) | S3: =SUM(S1743:S1748)
M4: TOTAL | N4: 369 | P4: =P2+P3 | S4: =S2+S3
A5: UUID | B5: Item | C5: Page | D5: Scene | E5: Sequence | F5: I/E | G5: Location | H5: TOD | I5: Character | J5: Script Line | K5: Notes | L5: Scope Of Work | M5: LOD | N5: SHOTS | O5: COST PER SHOT | P5: TOTAL COST | Q5: Image / Reference | R5: HYBRID AI COST/SHOT | S5: TOTAL COST

Sheet Tasks Summary

Sheet Options
